Payment ID,User ID,Plan,Amount (USD),Status,Method,Created Date,Daimo Payment ID
"intent_9kAKk6AhtNNx7Bui1V7bMHiLtANfTDp6Qs4wHPHCpEFW",7901549957,"diamond-member",99.99,"payment_completed",daimo,Invalid Date,"N/A"
"9kAKk6AhtNNx7Bui1V7bMHiLtANfTDp6Qs4wHPHCpEFW",7901549957,"diamond-member",99.99,"payment_completed",daimo,Invalid Date,"N/A"
"35vT11rdrkEheRnYRsgHqxy6no3x6CLBqKGA9M4iktep",7901549957,"test-1usd",1,"payment_completed",daimo,Invalid Date,"N/A"
"intent_5eL8kXvoyPJLx9g9pmXPk6mEC4uet3QycjuZ1KHs8WpF",8094227728,"test-1usd",1,"payment_completed",daimo,Invalid Date,"N/A"
"5eL8kXvoyPJLx9g9pmXPk6mEC4uet3QycjuZ1KHs8WpF",8094227728,"test-1usd",1,"payment_completed",daimo,Invalid Date,"N/A"
"intent_AECdU65XpYkTrGLY4VY5Q5Ecfu6ZruCbPvzj8zGpM26Y",5836948764,"test-1usd",1,"payment_completed",daimo,Invalid Date,"N/A"
"AECdU65XpYkTrGLY4VY5Q5Ecfu6ZruCbPvzj8zGpM26Y",5836948764,"test-1usd",1,"payment_completed",daimo,Invalid Date,"N/A"
"intent_B6p5qbuRLoQft6J7VaAwhi19VWRRMLd4iusTKjsLnH6f",8094227728,"trial-pass",14.99,"payment_completed",daimo,Invalid Date,"N/A"
"B6p5qbuRLoQft6J7VaAwhi19VWRRMLd4iusTKjsLnH6f",8094227728,"trial-pass",14.99,"payment_completed",daimo,Invalid Date,"N/A"
"intent_5syTKDefnYLdVZvrDPbbXRtv85qhwyKgCZr3JaWk6bkf",5300629415,"test-1usd",1,"payment_completed",daimo,Invalid Date,"N/A"
"5syTKDefnYLdVZvrDPbbXRtv85qhwyKgCZr3JaWk6bkf",5300629415,"test-1usd",1,"payment_completed",daimo,Invalid Date,"N/A"
"intent_3sX282E89onS914N6cYHv5nG8hRK39VWWXd2LAWnpt53",8433276659,"test-1usd",1,"payment_completed",daimo,Invalid Date,"N/A"
"3sX282E89onS914N6cYHv5nG8hRK39VWWXd2LAWnpt53",8433276659,"test-1usd",1,"payment_completed",daimo,Invalid Date,"N/A"
"intent_AMa736ZUm726SV8PDHWjmPG6131FLNco3HNE4gC7ZDi4",7568442975,"trial-pass",14.99,"payment_completed",daimo,Invalid Date,"N/A"
"AMa736ZUm726SV8PDHWjmPG6131FLNco3HNE4gC7ZDi4",7568442975,"trial-pass",14.99,"payment_completed",daimo,Invalid Date,"N/A"
"intent_Di7SYWeLV48E4PEtVxtwQZeb6cjBJLgc6icfALdNGDBS",8433276659,"test-1usd",1,"payment_completed",daimo,Invalid Date,"N/A"
"Di7SYWeLV48E4PEtVxtwQZeb6cjBJLgc6icfALdNGDBS",8433276659,"test-1usd",1,"payment_completed",daimo,Invalid Date,"N/A"
"intent_2iZMiiJBPK7ofoZtxYek1NqvkDUj7BCrj8ThYWKmQyMD",8433276659,"test-1usd",1,"payment_completed",daimo,Invalid Date,"N/A"
"2iZMiiJBPK7ofoZtxYek1NqvkDUj7BCrj8ThYWKmQyMD",8433276659,"test-1usd",1,"payment_completed",daimo,Invalid Date,"N/A"
"intent_As5s17EQ8FjNEJJzadWke7Z9nmmHPt9Hohmrd9KAdvDs",7568442975,"trial-pass",14.99,"payment_completed",daimo,Invalid Date,"N/A"
"As5s17EQ8FjNEJJzadWke7Z9nmmHPt9Hohmrd9KAdvDs",7568442975,"trial-pass",14.99,"payment_completed",daimo,Invalid Date,"N/A"
"intent_5WmumDwsenyMDAuGTRiG9ZvTY4Xae6DRQ9hdL3m66Bmq",7568442975,"test-1usd",1,"payment_completed",daimo,Invalid Date,"N/A"
"5WmumDwsenyMDAuGTRiG9ZvTY4Xae6DRQ9hdL3m66Bmq",7568442975,"test-1usd",1,"payment_completed",daimo,Invalid Date,"N/A"
"intent_BuKZcGrb9qiDgGWVccCT7TrJgJLDG7UYj7QZcX9nazYD",8433276659,"test-1usd",1,"payment_completed",daimo,Invalid Date,"N/A"
"BuKZcGrb9qiDgGWVccCT7TrJgJLDG7UYj7QZcX9nazYD",8433276659,"test-1usd",1,"payment_completed",daimo,Invalid Date,"N/A"
"intent_GP2fhnbSskkUqUbW6yi9mUe8N41RrS6faLB4Kivy88gb",8433276659,"test-1usd",1,"payment_completed",daimo,Invalid Date,"N/A"
"GP2fhnbSskkUqUbW6yi9mUe8N41RrS6faLB4Kivy88gb",8433276659,"test-1usd",1,"payment_completed",daimo,Invalid Date,"N/A"
"intent_B9fT2n5jpPRkKH8EabG325iP6wL1MuCjSVYV5wDtLapk",1491696458,"test-1usd",1,"payment_completed",daimo,Invalid Date,"N/A"
"B9fT2n5jpPRkKH8EabG325iP6wL1MuCjSVYV5wDtLapk",1491696458,"test-1usd",1,"payment_completed",daimo,Invalid Date,"N/A"
"intent_5Yfzjtd5BaiT7Cq4JcrS3KJLnhCHFkbBW9zG75MH3ymv",1491696458,"test-1usd",1,"payment_completed",daimo,Invalid Date,"N/A"
"5Yfzjtd5BaiT7Cq4JcrS3KJLnhCHFkbBW9zG75MH3ymv",1491696458,"test-1usd",1,"payment_completed",daimo,Invalid Date,"N/A"
"intent_4wyNNCu2uMfk88CsVyKVE9AbRpnTuCfUwzaZYtnVA8wW",1491696458,"trial-pass",14.99,"payment_completed",daimo,Invalid Date,"N/A"
"4wyNNCu2uMfk88CsVyKVE9AbRpnTuCfUwzaZYtnVA8wW",1491696458,"trial-pass",14.99,"payment_completed",daimo,Invalid Date,"N/A"
"intent_HGuL3ShdQNVZguavmg5FfuSUgTp5tmodrpJDJnpChzWy",7568442975,"trial-pass",14.99,"payment_completed",daimo,Invalid Date,"N/A"
"HGuL3ShdQNVZguavmg5FfuSUgTp5tmodrpJDJnpChzWy",7568442975,"trial-pass",14.99,"payment_completed",daimo,Invalid Date,"N/A"
"intent_8AN4RgorRDdrVBY8oiezUqGjWJQS6jkSBAkLoAtp3U3g",8433276659,"test-1usd",1,"payment_completed",daimo,Invalid Date,"N/A"
"8AN4RgorRDdrVBY8oiezUqGjWJQS6jkSBAkLoAtp3U3g",8433276659,"test-1usd",1,"payment_completed",daimo,Invalid Date,"N/A"
"intent_FHKkcGYapvLPwiv3jVTNEfCESzzytZJKZ2SLKr5ypWUD",7568442975,"trial-pass",14.99,"payment_completed",daimo,Invalid Date,"N/A"
"FHKkcGYapvLPwiv3jVTNEfCESzzytZJKZ2SLKr5ypWUD",7568442975,"trial-pass",14.99,"payment_completed",daimo,Invalid Date,"N/A"
"CXwAFMuNzpPCFTuyQk3CqdzsYe8h83BVsVUM2WvZjErf",5836948764,"test-1usd",1,"payment_completed",daimo,Invalid Date,"N/A"
"C3HJTNBNhjhLejyi3staD3U5tfY3gaFr4r4bLVJ8piXd",5836948764,"test-1usd",1,"payment_completed",daimo,Invalid Date,"N/A"
"EVQ49QPYbrrCGCn1RPqLATQ3UCvz2AMEqW7t8yjS2rfU",6728193250,"diamond-member",99.99,"payment_completed",daimo,Invalid Date,"N/A"
"2kNtteknuEkyRMN8aRnA7HmgvauvNDiVSQ84WnqwHmQ",1690732829,"test-1usd",1,"payment_completed",daimo,Invalid Date,"N/A"
"2mas6qiExNWYwwpirGZhgj7edN17Y6ZbQU2hwQ4ogxNR",1690732829,"test-1usd",1,"payment_completed",daimo,Invalid Date,"N/A"
"8W45AxskU2sT1GBKuRvB5p4vyAkY1GdH5Uhq4wkiSDd1",6890340367,"test-1usd",1,"payment_completed",daimo,Invalid Date,"N/A"
"52EfXTgJwhb8G1RrkPYZRXrrTRYczFGQGKYHR3pMBEHn",1920936907,"test-1usd",1,"payment_completed",daimo,Invalid Date,"N/A"
"3GSf34A6Wf61mLH8Lb7LKdRE8svbSF4tHmTrDR37MY2p",1920936907,"test-1usd",1,"payment_completed",daimo,Invalid Date,"N/A"
"7NnApgZMQUtfSUz1TnjcLQruW8GyjEAaymVfqpwDBxzV",1920936907,"trial-pass",14.99,"payment_completed",daimo,Invalid Date,"N/A"
"86GBucTsHPp49vkwGkHiHZrQDVRRAKUGDNq3QwKZnpYf",1920936907,"test-1usd",1,"payment_completed",daimo,Invalid Date,"N/A"
"GBDjuLWKRz8yRZG2Utb6ZzUgDoDZsaz5K2Bx1k8RjAkj",540482380,"test-1usd",1,"payment_completed",daimo,Invalid Date,"N/A"
"EK8AvMVsGx22WKx6AoxFzVsv21dX4QyzUxhSPdswdW3q",8318883058,"pnp-member",24.99,"payment_completed",daimo,Invalid Date,"N/A"
"22g1hip5HkjfHASb3Zsm9igtxPhc9S7Y5BQV91u33rPJ",8318883058,"pnp-member",24.99,"payment_completed",daimo,Invalid Date,"N/A"
"7DACoyiBbd2DgpSWa7do9PKWfkumg5uvo4zabZsjvzhv",8338043345,"test-1usd",1,"payment_completed",daimo,Invalid Date,"N/A"
"2yrjUH1mbEkNv8fUQu8xyWH8V4UGoKEpDehYWVB6qx9L",6630520990,"test-1usd",1,"payment_completed",daimo,Invalid Date,"N/A"
"D8UMvg6WQevHyfaxrvtZZaCDtrc3Rim2qgNV325xdzTW",8433276659,"test-1usd",1,"payment_completed",daimo,Invalid Date,"N/A"
"E2YstC3LfTzLou4yvbMPEMAmGXAJaGxBCMMxo4dBYi7D",8433276659,"trial-pass",14.99,"payment_completed",daimo,Invalid Date,"N/A"
"4DFii96rosXkMojdqWRNxHUU7A1yoGYPZTf7XZ6LzdFR",8433276659,"test-1usd",1,"payment_completed",daimo,Invalid Date,"N/A"
"6oV2tKWsb3kX2FZdvkFFKfxXQ4HMdKqeRFd44fQ3GcLQ",8433276659,"test-1usd",1,"payment_completed",daimo,Invalid Date,"N/A"
"BSVgPGZKcczq9QUVebfhSmZqpR1rzTrewXTb3zcFzEie",8433276659,"test-1usd",1,"payment_completed",daimo,Invalid Date,"N/A"
"BmmiFjs1DZ1s5VTp4ZD5PSgosozYXbfaUCaoLQ8TpTqt",6009209257,"trial-pass",14.99,"payment_completed",daimo,Invalid Date,"N/A"
"6saP1m5tokCcxaxNfdiezyYg36YvhjGWqCEsHq97tieV",5899228122,"pnp-member",24.99,"payment_completed",daimo,Invalid Date,"N/A"
"JE5Znq8ZrSC4B9uKsWMJnjj3LtdUStiYJXxhyabSmgsr",6791324739,"test-1usd",1,"payment_completed",daimo,Invalid Date,"N/A"
"4jVTvyVjqdqD16pdenNnad6vspNcyaK8VpeVdyRYtCjk",6965613313,"test-1usd",1,"payment_completed",daimo,Invalid Date,"N/A"
"FUZXtWh1Sm9DdPQem4erv7FUbPNVvkMqhiLN6fbBbSxt",5899228122,"diamond-member",99.99,"payment_completed",daimo,Invalid Date,"N/A"
"5ewKEw5wtUbuL4Ha6T4rqy1PL6MuGoseJTtiYxLVMxtC",5899228122,"pnp-member",24.99,"payment_completed",daimo,Invalid Date,"N/A"
"J8RCLdXC4tKJuqddeteyCgtMtjN3VppjEZe7gd4dJM54",5836948764,"test-1usd",1,"payment_completed",daimo,Invalid Date,"N/A"
"8pjCovxxdZrHVzqjDTX3BUsDYXkYedw8PJcgyfV3hNBx",5556393716,"test-1usd",1,"payment_completed",daimo,Invalid Date,"N/A"
"F1YnLML6yUxGbzWAG2iFhrjYTiczNJ3158djTnExFhNr",5836948764,"test-1usd",1,"payment_completed",daimo,Invalid Date,"N/A"
"CGQPowp9cVNV6ydoZ8Stg36GKxDcQFrmraRwZ8a56p9x",8109691903,"pnp-member",24.99,"payment_completed",daimo,Invalid Date,"N/A"
"8EMF3JMkmCiyN8dyWRGJo6ZDxxW8XjWJWdrTgTNcUaDP",8109691903,"pnp-member",24.99,"payment_completed",daimo,Invalid Date,"N/A"
"HSUkfzU2RsPTFEHNw28QG52TTX8D1mpCeoa9UcJKmPFG",8109691903,"pnp-member",24.99,"payment_completed",daimo,Invalid Date,"N/A"
"BtSDgU3z8gU9HWaPBvvRG3zd5KW1r5JQ8ZpNLGEtf2rZ",996678036,"trial-pass",14.99,"payment_completed",daimo,Invalid Date,"N/A"
"7hPH8nSG8kyZBejoTocj49zriSdYtSs2iC6v2LvEzSQz",996678036,"test-1usd",1,"payment_completed",daimo,Invalid Date,"N/A"
"FxEWQhyM4e6Jcv6vrMeuES2Y77vHCfebiAKsJbjY9K9E",7501013439,"trial-pass",14.99,"payment_completed",daimo,Invalid Date,"N/A"
"6Kj8LGpq5e518BtaMYtQuf3jo9ZT2wmePfwCTbPgqeq7",7501013439,"pnp-member",24.99,"payment_completed",daimo,Invalid Date,"N/A"
"7pzVsTS3VBomFrbVsQyzKS9v6RG1PaFfM6NQVaWwYA2C",8552451957,"trial-pass",14.99,"payment_completed",daimo,Invalid Date,"N/A"
"28hefB7JMNbgKfiMrvEfpynarYaUueibdBu8iuMYFtYY",8552451957,"trial-pass",14.99,"payment_completed",daimo,Invalid Date,"N/A"
"4fqGJkea87oHcEqVfzKGKxfVRZnbGGA2sy12xQ9chDV2",8365312597,"trial-pass",14.99,"payment_completed",daimo,Invalid Date,"N/A"
"ATvjft26CDVvtj6ZTTbq25UF2923hMNXSSVFXhdhy7YD",7501013439,"test-1usd",1,"payment_completed",daimo,Invalid Date,"N/A"
"3fuuoHDRMRjzG856J1PXma5crw6BZvBSXvrYEeGb5DfY",7501013439,"pnp-member",24.99,"payment_completed",daimo,Invalid Date,"N/A"
"GRiBVM3YeKmbEss9SftHLxkiGvrc99BTLhyPyQVPNEGd",7501013439,"trial-pass",14.99,"payment_completed",daimo,Invalid Date,"N/A"
"AXm6kYH3q66vnhhxgeZqwgJuJtuCRtg4qa84bEd98wq6",7501013439,"test-1usd",1,"payment_completed",daimo,Invalid Date,"N/A"
"8VNzGX9Zh9pyB2iSHueWXKbpwRX2N5VMgp3tdrhCPT78",8365312597,"trial-pass",14.99,"payment_completed",daimo,Invalid Date,"N/A"
"7s46UTWCYhSL7EN86J9RNe6SuqBu2rK7gTWT5nUZJDQK",7501013439,"test-1usd",1,"payment_completed",daimo,Invalid Date,"N/A"
"2z7g4rTXGCPN2NQ45479PhcNcqfkKd2kpgD2GVag6PHE",8365312597,"diamond-member",99.99,"payment_completed",daimo,Invalid Date,"N/A"
"qHF8DyfvTASuYQocSyGV78UuRz9RBjFzGud6T3d4Ctu",5034174384,"diamond-member",99.99,"payment_completed",daimo,Invalid Date,"N/A"
"9xhYXUaL55hcCugXXbSJnShG3RCKbFbH1shtSETrPdVt",8365312597,"test-1usd",1,"payment_completed",daimo,Invalid Date,"N/A"
"BitKT23rECJN6VxaHrEoN3Po3nCdRFyrAaG9tAsF6w5T",999999999,"test-1usd",1,"payment_completed",daimo,Invalid Date,"N/A"
"EyJtEa8RS6yn6B3MgPatASgnka3eKfZtwUscBFzDoZa9",8365312597,"test-1usd",1,"payment_completed",daimo,Invalid Date,"N/A"
"3NqfovafqJsd3DEaqLohrbUV7XgbsrG64cxmwGgrz2Fm",8365312597,"trial-pass",14.99,"payment_completed",daimo,Invalid Date,"N/A"
"HqHqBTyWEix5e4Ph9GgnrEKGgUL2A4KNCwGi2NczX3oW",8365312597,"pnp-member",24.99,"payment_completed",daimo,Invalid Date,"N/A"
"9xaTuEeT4kYQpYCRCogY91Ms8JKLkaJgcrUCsvSnyBcH",8365312597,"pnp-member",24.99,"payment_completed",daimo,Invalid Date,"N/A"
"HLHffB5k284BuHr5wyHPpFYbVb8tzsyE7Yvh6HKecGwg",6557776792,"pnp-member",24.99,"payment_completed",daimo,Invalid Date,"N/A"
"24fcqXQrUpgTW6SmwLs4V8ajmxUesXxZnrpLM6wfF5Xh",8365312597,"diamond-member",99.99,"payment_completed",daimo,Invalid Date,"N/A"
"4rmr5cMqd4MbHdKiJG7TJzVKWB4utfAxoJFtd67ke8b3",7004233882,"trial-pass",14.99,"payment_completed",daimo,Invalid Date,"N/A"
"7LgCVxwRJEMA8cm9MUpkU445w5WdQgYy8e6aVm2proT8",1234213234,"trial-pass",14.99,"payment_completed",daimo,Invalid Date,"N/A"
"4WoWyKnphpda8J4Ad8JbqD6T4vfMmyhG15nnfqwJbtFM",1234213234,"pnp-member",24.99,"payment_completed",daimo,Invalid Date,"N/A"
"37n6ZBqpfP8mRAiq55NXEd529ju5ehCMuXVF2jvsfEdc",8365312597,"trial-pass",14.99,"payment_completed",daimo,Invalid Date,"N/A"
"Dxx7jh6niiHqAKwN6kmNGMK6aKSRq3xwzLUAKiHWmupt",8365312597,"trial-pass",14.99,"payment_completed",daimo,Invalid Date,"N/A"
"HVwvUzeRFCp2jPpYpXMiHo8WHX1wsQvuagr4hfnyeudv",8365312597,"diamond-member",99.99,"payment_completed",daimo,Invalid Date,"N/A"
"GG8PXg5nT9iMBauHfMXrCPMgzpqS9Wh2es6qKU4ZNDqX",8365312597,"trial-pass",14.99,"payment_completed",daimo,Invalid Date,"N/A"
"3fmFh6PfdXvTuuv2pK43moRR8adn46NNVCaTxRZ1xpqb",8365312597,"trial-pass",14.99,"payment_completed",daimo,Invalid Date,"N/A"
"CvnHpwXbo5BNSi8ys3J94SeuCTq2LhSFT9zoA7fkamow",5519461158,"pnp-member",24.99,"payment_completed",daimo,Invalid Date,"N/A"
"2ETYJ1j2UAmka3Wb5YxS9iE1buwL8WTCBPmfV9sw7Pab",5519461158,"pnp-member",24.99,"payment_completed",daimo,Invalid Date,"N/A"
"3BBKMzeJ3s1Vc4YwZ91L9zmFiW2Herume4nTs4WtTa3w",8365312597,"trial-pass",14.99,"payment_completed",daimo,Invalid Date,"N/A"
"HN8XfYL5tZnvsDxtuACJMZwx5odiAuUiZ2CkbZUcvmrz",7246621722,"crystal-member",49.99,"payment_completed",daimo,Invalid Date,"N/A"
"6znesnpd4FHr2jTLq1giC9iK7jQBSGAC16Zsd5RJXSjg",6557776792,"trial-pass",14.99,"payment_completed",daimo,Invalid Date,"N/A"
"BCGpoFAqXk7pp4gScbckMHwXZvTPmMBTfi4uJouzoAn2",6557776792,"trial-pass",14.99,"payment_completed",daimo,Invalid Date,"N/A"
"Cwjqj3psU9n4dtsYYjb76myEdqwDroMTanCwei8uyX7y",6557776792,"trial-pass",14.99,"payment_completed",daimo,Invalid Date,"N/A"
"HjETRD679Zx3xcaUSHB4f8Kb3stV4kRzFCiBotg6msM9",1475485409,"pnp-member",24.99,"payment_completed",daimo,Invalid Date,"N/A"
"2FQifFPbKnZiM51G91wu6E4CceMPNae4EY1KBnL4nSGF",1475485409,"trial-pass",14.99,"payment_completed",daimo,Invalid Date,"N/A"
"9v6DmQhiXwL6UY3aPzMWtJf5Q6NCZziufqSmffnnvqHM",1475485409,"trial-pass",14.99,"payment_completed",daimo,Invalid Date,"N/A"
"ExNgpGRjHJsyEnMZP7v7N13hJssz72kHudeBh7o3xHQu",1475485409,"pnp-member",24.99,"payment_completed",daimo,Invalid Date,"N/A"
"DXcoLAzordUGKvBBJqjrFKnMKPiEm8SL1RmK1sZkKs17",5990112447,"trial-pass",14.99,"payment_completed",daimo,Invalid Date,"N/A"
"CwSj2Y9Gte1rwcQixHi6KUd13EAgrdgtNafP9K1BN7xW",1475485409,"pnp-member",24.99,"payment_completed",daimo,Invalid Date,"N/A"
"8sXwBob1yYhGgcWyBSHdxiSaBBbSPnRzPFZ9tTc5qiLr",8365312597,"trial-pass",14.99,"payment_completed",daimo,Invalid Date,"N/A"
"D2iRwQVC2yHHCDE4myfC9BbduvaeW38fJZPuNzuFVk89",8365312597,"pnp-member",24.99,"payment_completed",daimo,Invalid Date,"N/A"
"FXghsTcc7BPwZGBL3VRi9CuzYt7LProZzPbbQ7EoWdJS",1475485409,"pnp-member",24.99,"payment_completed",daimo,Invalid Date,"N/A"
"Eo3aChyZB22V3urwTBoAyGPKKRehPUx3tBcTgmio3XnE",1475485409,"pnp-member",24.99,"payment_completed",daimo,Invalid Date,"N/A"
"8Hv3VbyBYxBdsko3pA5tY5mVnUPMKocfSu611mAJtdk5",8365312597,"trial-pass",14.99,"payment_completed",daimo,Invalid Date,"N/A"
"CEURfB6seCMoDvJwHrQFN2x4LBKNEk4Rg9jkiDCHSbsW",5034174384,"diamond-member",99.99,"payment_completed",daimo,Invalid Date,"N/A"
"BWoqBdFp6ywwQQvaVmu9jdpW78MmnZFzW2UoY7D8Eo22",8365312597,"trial-pass",14.99,"payment_completed",daimo,Invalid Date,"N/A"
"EFMDjh6eygiXY9aS7YVmVVvRbWzdL9LbgVafa3mznzjg",8365312597,"trial-pass",14.99,"payment_completed",daimo,Invalid Date,"N/A"
"9YeHPLL3kZGMX9ae67rP5EGif1Tgjcu1kqiBFwypM599",8365312597,"trial-pass",14.99,"payment_completed",daimo,Invalid Date,"N/A"
"J9jAVVy4MHiMYVx7oxC6MnFUT7U5rnG7rhsmuYS3iYXY",8365312597,"trial-pass",14.99,"payment_completed",daimo,Invalid Date,"N/A"
"GkhT7DGKuGqkUPjjLP4ixp1vrnm3mhG9SWstq6rtTLmz",8365312597,"trial-pass",14.99,"payment_completed",daimo,Invalid Date,"N/A"
"BmV3keJ9VA9XzNL3S3JGUPwiftdgsJekeZWP3ptkNouh",8365312597,"trial-pass",14.99,"payment_completed",daimo,Invalid Date,"N/A"
"6oUU6hxCv7W73fioYQX93hSn65oVJwLTPenY1A4PaJ1u",8365312597,"trial-pass",14.99,"payment_completed",daimo,Invalid Date,"N/A"
"FcrAyzLiw7TgiGEJmybvzjXeXK7vmxMi6kDGEXwwk9T3",8552451957,"trial-pass",14.99,"payment_completed",daimo,Invalid Date,"N/A"
"EDSyXUE9QSYT5eGpy9qy7o41iDNdRfFwd8mf7g61CHZu",8552451957,"crystal-member",49.99,"payment_completed",daimo,Invalid Date,"N/A"
"FHME9SVkXXGyTms5dwYuW1HPpqoP63PijfDSQB6hJpXP",8552451957,"trial-pass",14.99,"payment_completed",daimo,Invalid Date,"N/A"
"Chrid2ai2ecxNhVNjmvECkSUT57E5y4BsHmi92hxud4L",8552451957,"crystal-member",49.99,"payment_completed",daimo,Invalid Date,"N/A"
"8n4sz9D4fLbV36dBpQEBonsxSB8wr9JZFuGaFtt5q5Ma",8552451957,"trial-pass",14.99,"payment_completed",daimo,Invalid Date,"N/A"
"95gz34XdGc1Hjvrxwpz8ESX2Gd18FZMTMNr7FbXyEZZz",8552451957,"pnp-member",24.99,"payment_completed",daimo,Invalid Date,"N/A"
"GdWX7nkuXJ6Kjk1d28DtNiyHJnCCKt1wFPkFdVeLhmq8",8552451957,"trial-pass",14.99,"payment_completed",daimo,Invalid Date,"N/A"
"CzjsHpqc2QxAWPuwsExtHSiNaw2Kzr9Bytg9eEQBKtLH",8552451957,"trial-pass",14.99,"payment_completed",daimo,Invalid Date,"N/A"
"8QqnnrTJBVbgAkz2nhu4yQLAFr7KfgaY1h72UCH8sbnn",8552451957,"diamond-member",99.99,"payment_completed",daimo,Invalid Date,"N/A"
"EwVffKnMSqEhG77yt5WephjYjopKhvAYWBxAijgZ4d75",12345,"pnp-member",24.99,"payment_completed",daimo,Invalid Date,"N/A"
"Bi5eHx1uShFKxGppTAZKaJKDuELpKbFnvkum4VYwXY7S",12345,"trial-week",14.99,"payment_completed",daimo,Invalid Date,"N/A"
"HWFbSALU9BVarayT867egPgXjwJqkxfPgRjSvGc3cbiu",8552451957,"trial-week",14.99,"payment_completed",daimo,Invalid Date,"N/A"
"2NYsCzjMXckrfZLprQ9oHVECJ4eBL26xXx55nm3dgHnN",8552451957,"pnp-member",24.99,"payment_completed",daimo,Invalid Date,"N/A"
"3VUeGTWnhzW7h9k8EoymntCuE4demCdK3rZJWyxPmC4b",8552451957,"pnp-member",24.99,"payment_completed",daimo,Invalid Date,"N/A"
"DCBraVJxc6mtNqnQJmV1135dG9wyjyYGHZNE4MG8J5dM",8552451957,"pnp-member",24.99,"payment_completed",daimo,Invalid Date,"N/A"
"DezGrxAtSfu8cFbX9ZYp9dmRFLHTNkN4nUsSVp1SnpbW",8552451957,"pnp-member",24.99,"payment_completed",daimo,Invalid Date,"N/A"
"FeW4XXo5PMxwXpY8NccUptxoWVYkBtUaADXS6uMg3Ud4",8552451957,"pnp-member",24.99,"payment_completed",daimo,Invalid Date,"N/A"
"DfnGkUoEQyqr2wXa8TcFMtp9Akmh38REP3zHUoDhgUw3",8552451957,"pnp-member",24.99,"payment_completed",daimo,Invalid Date,"N/A"
"FzymKvVr4DYi7SsYTD6Xa5PbC6oJoDKnpvXMJfKW2Qxi",8552451957,"pnp-member",24.99,"payment_completed",daimo,Invalid Date,"N/A"
"21XTSefqGcLsT9GGh3coTDwF6bJYd93gN2BJQzw1MQYk",8552451957,"pnp-member",24.99,"payment_completed",daimo,Invalid Date,"N/A"
"4471aUxF4nJH7tyRfxC9LT9Rcgd5HrPk3b45HEjVqdfE",123456,"pnp-member",24.99,"payment_completed",daimo,Invalid Date,"N/A"
"GthHe2JwfvdvHHBZjeer94PCrLsJMDBpZ1Tfe5acas7q",test123,"pnp-member",24.99,"payment_completed",daimo,Invalid Date,"N/A"
"FE1JtQmGPmfKuYTvWH2kZuBCCxK8UADt9TsdKV4Gh1bv",123456,"pnp-member",24.99,"payment_completed",daimo,Invalid Date,"N/A"
"pay_test_123",8365312597,"trial-pass",undefined,"payment_completed",daimo,Invalid Date,"N/A"
"pay_test_1761012298269",8365312597,"trial-pass",undefined,"payment_completed",daimo,Invalid Date,"N/A"
